W#,sex,Years b/w last mold and death,SFBR ID,Left or Right M2?,Dentin Area,Total Area of occlusal surface,DER,PED,Dentin Area,Total Area of occlusal surface,DER,PED,Dentin Area,Total Area of occlusal surface,DER,PED,Dentin Area,Total Area of occlusal surface,DER,PED,
3,female,1.56,1X4045,Right,19.94,95.235,0.2093768047,20.93768047,16.985,90.426,0.1878331453,18.78331453,23.637,97.309,0.2429066171,24.29066171,18.612,90.989,0.2045521986,20.45521986,
8,female,0.45,1X1957,Right,10.4,86.581,0.1201187327,12.01187327,8.825,84.287,0.1047017927,10.47017927,10.735,88.055,0.1219124411,12.19124411,8.552,86.23,0.09917662067,9.917662067,
10,female,0.52,1X3771,Left,6.978,89.509,0.07795864103,7.795864103,5.259,80.339,0.06546011277,6.546011277,7.768,93.608,0.08298436031,8.298436031,5.46,88.175,0.06192231358,6.192231358,
12,female,1.09,1X1687,Left,10.981,99.952,0.1098627341,10.98627341,11.996,94.877,0.1264373874,12.64373874,12.075,96.912,0.1245975731,12.45975731,11.375,94.799,0.1199907172,11.99907172,
17,female,1.55,1X3939,Left,13.009,101.484,0.1281876946,12.81876946,10.831,96.243,0.1125380547,11.25380547,13.613,102.732,0.1325098314,13.25098314,11.883,97.243,0.1221990272,12.21990272,
18,male,1.23,1X3475,Left,13.089,105.168,0.12445801,12.445801,11.758,98.896,0.118892574,11.8892574,14.206,100.823,0.1409003898,14.09003898,10.336,94.449,0.1094347214,10.94347214,
20,female,1.48,1X4217,Left,14.674,84.25,0.1741721068,17.41721068,6.926,80.469,0.08607041221,8.607041221,16.761,86.72,0.193277214,19.3277214,5.933,83.2,0.07131009615,7.131009615,
22,female,0.93,1X4166,Left,6.563,105.131,0.06242687694,6.242687694,7.215,96.521,0.07475057241,7.475057241,8.286,104.715,0.0791290646,7.91290646,10.34,101.674,0.1016975825,10.16975825,
23,female,0.61,1x4749,Left,1.274,86.019,0.01481068136,1.481068136,1.228,81.317,0.01510139331,1.510139331,1.633,90.237,0.01809678957,1.809678957,2.116,83.813,0.02524668011,2.524668011,
28,female,1.72,1X1181,Left,3.66,101.23,0.03615528993,3.615528993,3.933,96.418,0.04079113858,4.079113858,4.136,107.892,0.03833463093,3.833463093,3.396,100.793,0.03369281597,3.369281597,
29,female,1.64,1X0681,Left,5.072,92.918,0.05458576379,5.458576379,4.986,90.988,0.05479843496,5.479843496,6.088,97.82,0.0622367614,6.22367614,5.496,91.861,0.05982952504,5.982952504,
30,female,0.2,1x3782,Right,8.93,102.459,0.08715681395,8.715681395,9.153,96.887,0.09447087845,9.447087845,10.827,102.672,0.1054523142,10.54523142,10.603,99.022,0.1070772152,10.70772152,
36,female,0.9,1X2686,Left,24.962,90.161,0.2768602833,27.68602833,25.29,88.981,0.2842179791,28.42179791,30.122,97.037,0.3104176757,31.04176757,20.749,97.051,0.2137948089,21.37948089,
38,female,1.75,1X0842,Left,36.959,113.961,0.3243127035,32.43127035,38.403,117.056,0.3280737425,32.80737425,42.504,125.919,0.33755033,33.755033,41.879,122.441,0.3420341226,34.20341226,
39,male,0.41,1X4632,Left,7.562,120.716,0.06264289738,6.264289738,7.181,116.251,0.06177151164,6.177151164,8.851,122.08,0.07250163827,7.250163827,8.667,118.303,0.07326103311,7.326103311,
43,female,1.59,1X4519,Left,5.849,92.117,0.06349533745,6.349533745,6.314,90.725,0.06959492973,6.959492973,6.87,95.889,0.07164533992,7.164533992,6.899,90.519,0.07621604304,7.621604304,
47,female,1.14,1X1177,Right,4.336,86.233,0.0502823745,5.02823745,4.77,86.249,0.05530498904,5.530498904,5.417,91.362,0.0592916092,5.92916092,6.734,85.764,0.07851779301,7.851779301,
48,male,1.36,6450,Left,13.709,114.959,0.1192512113,11.92512113,8.711,112.748,0.07726079398,7.726079398,16.1,133.405,0.1206851317,12.06851317,10.551,120.936,0.08724449295,8.724449295,
49,female,1.25,10603,Left,1.879,92.773,0.02025373762,2.025373762,1.397,82.12,0.01701169021,1.701169021,2.101,101.74,0.0206506782,2.06506782,1.325,90.447,0.01464946322,1.464946322,
87,male,0.31,1X4782,Left,32.251,119.35,0.270222036,27.0222036,31.167,111.56,0.2793743277,27.93743277,36.143,127.871,0.2826520478,28.26520478,33.02,123.326,0.2677456497,26.77456497,
121,male,1.93,1X3828,Right,18.335,107.666,0.1702951721,17.02951721,17.018,106.2,0.1602448211,16.02448211,20.022,111.962,0.1788285311,17.88285311,19.826,107.318,0.1847406772,18.47406772,
122,female,1.08,1X3195,Left,1.31,90.89,0.01441302674,1.441302674,1.178,85.855,0.01372080834,1.372080834,1.695,90.17,0.01879782633,1.879782633,1.992,86.486,0.02303262956,2.303262956,
123,female,0.91,1X3597,Left,31.529,92.175,0.342055872,34.2055872,39.493,88.627,0.4456091259,44.56091259,36.026,93.83,0.3839496963,38.39496963,41.435,89.276,0.4641224965,46.41224965,
124,female,2.41,1X1374,Right,21.292,107.324,0.1983899221,19.83899221,18.155,114.071,0.159155263,15.9155263,25.975,110.527,0.2350104499,23.50104499,19.822,113.734,0.1742838553,17.42838553,
125,female,2.08,1X3567,Left,21.062,97.128,0.2168478709,21.68478709,12.22,91.418,0.1336717058,13.36717058,24.679,99.201,0.2487777341,24.87777341,12.279,97.303,0.126193437,12.6193437,
126,female,0.6,1X1032,Left,6.932,83.77,0.08275038797,8.275038797,7.6,82.983,0.09158502344,9.158502344,8.227,86.149,0.09549733601,9.549733601,8.615,81.945,0.1051314906,10.51314906,
127,female,2.45,1X0937,Right,4.304,95.815,0.04491989772,4.491989772,3.677,94.354,0.03897026093,3.897026093,4.979,96.947,0.05135795847,5.135795847,4.223,91.421,0.04619288785,4.619288785,
129,male,1.64,1x2063,Right,26.197,128.261,0.2042475889,20.42475889,22.152,121.279,0.1826532211,18.26532211,30.104,136.64,0.2203161593,22.03161593,25.797,127.157,0.2028751858,20.28751858,
134,female,1.45,1x2365,Left,20.993,118.872,0.1766017229,17.66017229,21.312,115.131,0.1851108737,18.51108737,26.588,122.438,0.2171548049,21.71548049,26.103,119.282,0.2188343589,21.88343589,
135,male,2.03,1X3809,n/a,,,#DIV/0!,#DIV/0!,,,#DIV/0!,#DIV/0!,,,#DIV/0!,#DIV/0!,,,#DIV/0!,#DIV/0!,
136,female,2.67,1X3648,Left,2.821,83.297,0.03386676591,3.386676591,1.877,80.554,0.02330113961,2.330113961,3.582,87.314,0.0410243489,4.10243489,2.619,83.657,0.03130640592,3.130640592,
137,female,2.1,1X4091,Left,14.947,103.657,0.1441967257,14.41967257,8.863,99.357,0.08920357901,8.920357901,18.724,111.763,0.1675330834,16.75330834,11.304,106.365,0.1062755606,10.62755606,
142,male,0.94,1X4810,Right,6.688,92.284,0.07247193446,7.247193446,7.152,99.861,0.07161955118,7.161955118,5.376,94.938,0.05662642988,5.662642988,5.776,95.749,0.06032438981,6.032438981,
143,male,2.69,6451,Left,36.59,114.92,0.3183954055,31.83954055,20.762,107.197,0.1936807933,19.36807933,37.893,120.779,0.3137383154,31.37383154,26.532,112.644,0.2355385107,23.55385107,
145,female,2.74,1X2798,Left,14.329,91.4,0.1567724289,15.67724289,10.7,90.81,0.117828433,11.7828433,16.08,95.149,0.1689980977,16.89980977,12.038,94.67,0.1271574945,12.71574945,
147,male,0.91,7445,Right,8.583,110.719,0.07752057009,7.752057009,8.172,100.035,0.08169140801,8.169140801,10.165,113.823,0.08930532493,8.930532493,9.643,109.947,0.08770589466,8.770589466,
148,male,2.51,1X2891,Right,33.739,115.378,0.2924214322,29.24214322,31.653,110.945,0.2853035288,28.53035288,40.704,113.365,0.3590526177,35.90526177,36.07,113.519,0.3177441662,31.77441662,
149,female,1.17,1X1763,Left,6.532,88.212,0.07404888224,7.404888224,5.152,81.964,0.06285686399,6.285686399,7.87,92.237,0.08532367705,8.532367705,6.776,85.502,0.0792496082,7.92496082,
151,female,2.16,1X2511,Left,0.187,82.031,0.002279625995,0.2279625995,0.241,78.213,0.003081329191,0.3081329191,0.773,85.137,0.009079483656,0.9079483656,0.869,81.897,0.01061088929,1.061088929,
155,male,1.99,1X3837,Left,10.623,95.444,0.1113008675,11.13008675,5.981,88.157,0.06784486768,6.784486768,14.381,95.924,0.1499207706,14.99207706,4.565,89.004,0.05128982967,5.128982967,
156,female,2.08,1X4230,Right,12.325,98.618,0.1249771847,12.49771847,10.912,88.251,0.1236473241,12.36473241,14.974,100.556,0.148912049,14.8912049,12.638,89.788,0.1407537756,14.07537756,
157,female,1.26,1X3291,Left,20.178,99.463,0.2028694087,20.28694087,14.579,90.179,0.1616673505,16.16673505,12.227,100.351,0.1218423334,12.18423334,18.997,93.583,0.2029962707,20.29962707,
158,female,1.28,1X4019,Left,25.062,107.59,0.2329398643,23.29398643,20.143,105.731,0.1905117704,19.05117704,28.245,126.356,0.2235350913,22.35350913,24.167,107.834,0.2241129885,22.41129885,
160,female,1.51,1X0864,Left,4.184,91.106,0.04592452747,4.592452747,5.072,86.665,0.05852420239,5.852420239,4.737,92.616,0.05114667012,5.114667012,4.619,86.227,0.05356790796,5.356790796,
161,female,2.74,1X3564,Right,22.659,103.137,0.2196980715,21.96980715,18.276,98.743,0.1850865378,18.50865378,28.36,104.845,0.2704945396,27.04945396,21.509,101.335,0.2122563774,21.22563774,
163,male,1.42,8066,Left,22.002,107.999,0.2037241086,20.37241086,17.303,114.291,0.151394248,15.1394248,28.191,116.965,0.2410208182,24.10208182,22.509,117.217,0.19202846,19.202846,
164,male,2.35,1X3822,Right,30.53,144.605,0.2111268628,21.11268628,23.061,135.854,0.1697484064,16.97484064,37.848,148.011,0.2557107242,25.57107242,29.936,138.503,0.2161397226,21.61397226,
165,female,1.48,1X2379,Right,2.84,100.574,0.02823791437,2.823791437,2.56,96.872,0.02642662482,2.642662482,3.821,103.241,0.03701049002,3.701049002,3.94,101.221,0.03892472906,3.892472906,
168,female,2.7,1X2602,Left,6.901,101.515,0.06798010146,6.798010146,6.248,95.515,0.06541380935,6.541380935,10.898,102.709,0.1061055993,10.61055993,8.994,99.064,0.09078979246,9.078979246,
169,female,0.72,1X1656,Left,14.118,100.816,0.1400372957,14.00372957,7.976,94.107,0.08475458786,8.475458786,18.139,103.991,0.1744285563,17.44285563,11.832,96.112,0.1231063759,12.31063759,
170,female,2.74,1X3103,LEFT,51.938,101.06,0.5139323174,51.39323174,58.327,95.317,0.6119265189,61.19265189,58.018,103.522,0.5604412589,56.04412589,64.936,104.31,0.6225290001,62.25290001,
171,female,2.69,1X3432,Left,39.38,87.602,0.4495331157,44.95331157,30.347,96.247,0.3153033341,31.53033341,48.283,89.512,0.5394025382,53.94025382,32.521,93.702,0.3470683657,34.70683657,
172,female,2.61,8581,Right,9.896,102.207,0.09682311388,9.682311388,5.532,97.249,0.0568849037,5.68849037,13.36,104.446,0.1279129885,12.79129885,6.646,98.471,0.06749195195,6.749195195,
173,male,1.82,1x2794,Left,46.481,150.402,0.3090450925,30.90450925,43.751,148.167,0.2952816754,29.52816754,56.349,152.106,0.370458759,37.0458759,51,153.954,0.3312677813,33.12677813,
174,male,0.72,8010,Right,7.732,119.612,0.06464234358,6.464234358,7.452,114.488,0.06508979107,6.508979107,10.12,127.612,0.07930288688,7.930288688,13.33,122.104,0.1091692328,10.91692328,
176,female,0.41,1X4041,Right,6.925,95.553,0.07247286846,7.247286846,6.138,93.394,0.0657215667,6.57215667,9.095,99.618,0.09129876127,9.129876127,6.741,95.071,0.07090490265,7.090490265,
178,female,2.82,9045,Left,4.175,101.803,0.04101057926,4.101057926,1.885,90.581,0.02081010366,2.081010366,3.372,103.396,0.03261248017,3.261248017,1.847,92.119,0.02005015252,2.005015252,
179,female,1.39,1X1879,Right,31.742,100.197,0.3167959121,31.67959121,31.518,97.667,0.3227087962,32.27087962,35.006,101.559,0.34468634,34.468634,38.822,101.514,0.3824300097,38.24300097,
180,female,0.59,1X1237,Right,6.188,100.733,0.06142972015,6.142972015,6.61,98.728,0.06695162467,6.695162467,7.228,100.179,0.07215084998,7.215084998,6.971,97.271,0.07166575855,7.166575855,
181,female,2.19,1X1734,Right,19.614,87.954,0.2230029334,22.30029334,19.445,93.028,0.2090230898,20.90230898,21.1,88.816,0.2375698072,23.75698072,16.993,92.17,0.1843658457,18.43658457,
186,female,2.43,1X2538,Right,11.273,96.15,0.1172438898,11.72438898,8.751,90.142,0.09708016241,9.708016241,12.588,96.318,0.1306920825,13.06920825,8.614,91.505,0.09413693241,9.413693241,
187,female,0.82,1X2092,Left,only cast,,#VALUE!,#VALUE!,32.232,121.499,0.265286134,26.5286134,Scan not found at Medit,,#VALUE!,#VALUE!,31.594,122.133,0.2586852038,25.86852038,
189,female,2.44,9039,Left,1.816,88.235,0.02058140194,2.058140194,1.702,81.659,0.020842773,2.0842773,2.644,91.815,0.02879703752,2.879703752,1.937,82.764,0.02340389541,2.340389541,
190,female,0.77,8864,Left,2.26,98.529,0.02293740929,2.293740929,2.649,93.422,0.02835520541,2.835520541,2.757,100.649,0.02739222446,2.739222446,3.451,95.693,0.03606324392,3.606324392,
191,female,1.45,1X4294,Left,NOT M2 PRESERVED,,#VALUE!,#VALUE!,2.855,79.92,0.03572322322,3.572322322,M2 do not exist (only right mandible),,#VALUE!,#VALUE!,2.23,78.574,0.02838088935,2.838088935,
193,female,1.84,1x2269,Left,0.56,102.912,0.005441542289,0.5441542289,1.283,96.272,0.013326824,1.3326824,0.814,103.791,0.007842683855,0.7842683855,2.017,98.564,0.02046386104,2.046386104,
196,male,1.84,10729,Right,2.132,101.527,0.02099934008,2.099934008,0.841,97.989,0.008582596006,0.8582596006,2.503,103.764,0.02412204618,2.412204618,0.959,98.614,0.009724785527,0.9724785527,
198,male,2.61,1X3867,Right,62.46,111.301,0.5611809418,56.11809418,37.96,115.565,0.3284731536,32.84731536,64.076,112.522,0.5694530847,56.94530847,39.916,108.488,0.3679300937,36.79300937,
199,male,2.83,1X3144,Left,6.833,111.951,0.06103563166,6.103563166,3.241,103.566,0.03129405403,3.129405403,8.62,116.639,0.07390323991,7.390323991,5.665,103.003,0.0549983981,5.49983981,
201,male,2.37,9472,Left,3.627,126.418,0.02869053458,2.869053458,1.835,111.077,0.01652007166,1.652007166,4.382,129.647,0.03379947087,3.379947087,2.008,117.487,0.01709125265,1.709125265,
203,female,0.86,1X3767,Left,15.466,116.067,0.1332506225,13.32506225,12.845,112.551,0.1141260406,11.41260406,19.295,116.418,0.1657389751,16.57389751,14.456,112.646,0.1283312324,12.83312324,
204,female,2.18,9878,n/a,,,#DIV/0!,#DIV/0!,,,#DIV/0!,#DIV/0!,,,#DIV/0!,#DIV/0!,,,#DIV/0!,#DIV/0!,
205,female,0.98,1X2675,Left,7.395,93.725,0.07890104028,7.890104028,6.161,86.002,0.07163786889,7.163786889,9.179,94.276,0.09736306165,9.736306165,7.839,89.162,0.08791862004,8.791862004,
206,female,2.76,1X4108,Right,14.907,112.002,0.1330958376,13.30958376,8.354,103.408,0.08078678632,8.078678632,16.226,110.45,0.1469081032,14.69081032,10.267,106.285,0.09659876746,9.659876746,
209,female,1.67,1X4268,Left,15.533,89.832,0.1729116573,17.29116573,11.256,91.447,0.1230876901,12.30876901,19.38,91.683,0.2113805177,21.13805177,4.453,91.573,0.04862787066,4.862787066,
210,female,3.28,1X2199,Left,5.824,100.218,0.05811331298,5.811331298,4.535,87.948,0.05156456088,5.156456088,7.345,104.509,0.07028102843,7.028102843,5.269,87.734,0.06005653452,6.005653452,
211,female,1.9,6701,Right,0.433,89.795,0.004822094771,0.4822094771,0.344,78.047,0.004407600548,0.4407600548,0.682,90.222,0.007559131919,0.7559131919,0.552,81.05,0.006810610734,0.6810610734,
212,female,2.25,1x4183,Right,11.047,116.582,0.09475733818,9.475733818,5.29,120.428,0.04392666157,4.392666157,21.629,116.101,0.1862946917,18.62946917,8.646,121.682,0.07105405894,7.105405894,
213,female,3.17,1X2713,Left,0.56,79.827,0.007015170306,0.7015170306,0.549,78.327,0.00700907733,0.700907733,0.673,81.695,0.008237958259,0.8237958259,1.157,77.154,0.01499598206,1.499598206,
214,female,1.99,1X3327,Left,5.283,90.338,0.05848037371,5.848037371,4.813,85.877,0.05604527405,5.604527405,7.324,90.236,0.08116494525,8.116494525,6.529,86.224,0.07572137688,7.572137688,
217,female,2.99,1X2796,Left,9.869,95.062,0.1038164566,10.38164566,10.08,93.88,0.1073711121,10.73711121,9.155,70.235,0.130348117,13.0348117,11.971,93.748,0.1276933908,12.76933908,
219,female,3.18,6860,Left,4.236,96.606,0.04384820819,4.384820819,3.331,89.184,0.03734974883,3.734974883,6.091,96.424,0.0631689206,6.31689206,3.962,90.303,0.04387451137,4.387451137,
220,female,2.87,1X3653,Left,4.641,94.814,0.04894846753,4.894846753,5.494,92.946,0.05910959051,5.910959051,5.928,97.059,0.06107625259,6.107625259,5.133,92.277,0.05562599564,5.562599564,
222,male,3.08,1X3697,Left,79.396,124.799,0.6361909951,63.61909951,72.336,127.235,0.5685228121,56.85228121,82.02,127.016,0.6457454179,64.57454179,72.036,126.615,0.5689373297,56.89373297,
224,male,2.48,6965,Right,8.517,121.997,0.06981319213,6.981319213,6.149,117.885,0.05216100437,5.216100437,11.349,126.321,0.089842544,8.9842544,6.899,123.976,0.05564786733,5.564786733,
227,female,2.7,1X3052,Left,60.537,137.324,0.4408333576,44.08333576,51.184,134.88,0.3794780546,37.94780546,66.257,137.427,0.4821250555,48.21250555,53.988,136.536,0.395412199,39.5412199,
228,female,0.25,1x1956,Right,11.821,109.567,0.107888324,10.7888324,11.204,106.848,0.1048592393,10.48592393,13.583,111.791,0.12150352,12.150352,14.563,108.826,0.1338191241,13.38191241,
229,female,3.24,1X1404,Right,21.671,132.324,0.163772256,16.3772256,16.365,121.133,0.1350994362,13.50994362,24.622,134.442,0.1831421728,18.31421728,17.738,128.726,0.1377965601,13.77965601,
231,female,0.27,8000,Left,13.442,106.644,0.1260455347,12.60455347,14.05,104.257,0.1347631334,13.47631334,17,108.735,0.1563434037,15.63434037,14.798,110.217,0.1342624096,13.42624096,
233,male,1.58,1X4326,Left,66.697,101.516,0.6570097325,65.70097325,62.56,100.022,0.6254623983,62.54623983,70.463,99.421,0.7087335674,70.87335674,63.618,99.505,0.6393447565,63.93447565,
236,female,0.06,1X4035,Left,6.945,95.423,0.07278119531,7.278119531,5.541,91.603,0.06048928529,6.048928529,9.314,95.327,0.09770579164,9.770579164,6.141,91.763,0.06692239792,6.692239792,
239,male,2.53,1X3581,Left,38.185,143.062,0.2669122478,26.69122478,28.84,145.306,0.1984776953,19.84776953,43.865,120.234,0.3648302477,36.48302477,35.887,125.536,0.2858701886,28.58701886,
240,male,3.53,1X4179,Left,25.31,107.8,0.2347866419,23.47866419,14.391,105.329,0.1366290385,13.66290385,29.138,106.818,0.2727817409,27.27817409,14.412,107.037,0.1346450293,13.46450293,
242,male,2.53,1X3960,Left,20.237,113.926,0.1776328494,17.76328494,16.226,107.137,0.151450946,15.1450946,24.914,109.097,0.2283655829,22.83655829,19.919,108.431,0.1837020778,18.37020778,
243,male,3.5,1X3819,Left,2.441,133.52,0.01828190533,1.828190533,2.061,124.913,0.01649948364,1.649948364,2.604,133.574,0.01949481186,1.949481186,3.063,127.911,0.02394633769,2.394633769,
244,female,3.52,1X4058,Right,5.504,94.72,0.05810810811,5.810810811,4.114,69.981,0.05878738515,5.878738515,6.944,96.079,0.07227385797,7.227385797,4.231,91.555,0.04621265906,4.621265906,
246,female,0.51,1X4771,Left,9.34,94.721,0.0986053779,9.86053779,10.808,89.092,0.1213128003,12.13128003,11.463,92.922,0.123361529,12.3361529,13.32,86.465,0.154050772,15.4050772,
247,female,3.52,1X2509,Left,7.824,82.636,0.09468028462,9.468028462,5.915,85.906,0.06885432915,6.885432915,9.678,81.89,0.1181829283,11.81829283,8.033,87.3,0.09201603666,9.201603666,
248,female,2.51,1x1962,Left,7.363,98.576,0.0746936374,7.46936374,7.361,93.361,0.07884448538,7.884448538,9.403,97.746,0.09619830991,9.619830991,9.121,93.751,0.09728962891,9.728962891,
249,male,0.21,1X4209,Right,14.575,121.162,0.1202934914,12.02934914,10.898,112.83,0.09658778694,9.658778694,17.711,123.4,0.1435251216,14.35251216,15.143,116.122,0.1304059524,13.04059524,
253,female,1.53,8296,Left,4.87,107.253,0.04540665529,4.540665529,5.098,92.954,0.0548443316,5.48443316,7.2,104.018,0.06921878906,6.921878906,5.92,93.885,0.06305586622,6.305586622,
255,female,4.41,1X3928,Left,25.859,108.432,0.2384812601,23.84812601,17.793,110.691,0.160744776,16.0744776,29.41,104.836,0.2805334046,28.05334046,21.466,107.119,0.2003939544,20.03939544,
256,female,1.2,6746,Left,21.076,120.888,0.1743431937,17.43431937,19.964,117.381,0.1700786328,17.00786328,24.856,119.811,0.207460083,20.7460083,24.081,114.848,0.2096771385,20.96771385,
260,female,1.02,10510,Left,2.757,90.414,0.03049306523,3.049306523,3.799,84.593,0.04490915324,4.490915324,4.102,90.136,0.04550900861,4.550900861,3.942,82.048,0.0480450468,4.80450468,
264,female,1.9,1X4631,Left,2.884,113.397,0.02543277159,2.543277159,2.593,104.334,0.02485287634,2.485287634,3.374,93.908,0.03592878136,3.592878136,3.567,90.621,0.03936173735,3.936173735,
265,female,1.9,8975,Left,2.73,94.948,0.02875258036,2.875258036,1.567,90.194,0.01737366122,1.737366122,4.259,96.619,0.04408035687,4.408035687,1.884,91.173,0.02066401237,2.066401237,
267,female,4.8,1X2000,Left,17.583,84.258,0.2086804814,20.86804814,5.349,79.977,0.0668817285,6.68817285,20.929,82.75,0.252918429,25.2918429,4.729,80.194,0.05896949897,5.896949897,
269,male,1.31,8679,Right,8.408,117.472,0.07157450286,7.157450286,7.31,112.53,0.06496045499,6.496045499,10.874,112.999,0.0962309401,9.62309401,8.876,109.874,0.08078344285,8.078344285,
276,female,4.52,1X3956,Left,2.84,106.586,0.02664515039,2.664515039,2.199,100.623,0.02185385051,2.185385051,4.079,105.635,0.03861409571,3.861409571,1.951,97.613,0.01998709188,1.998709188,
277,male,2.16,8021,Left,6.638,110.731,0.05994707896,5.994707896,51.954,131.425,0.3953129161,39.53129161,9.067,109.75,0.08261503417,8.261503417,61.01,133.039,0.4585873315,45.85873315,*Not sure if skeleton scan and cast match. M2 seems different. 
278,female,4.54,1X4329,Left,4.648,100.833,0.04609602015,4.609602015,3.328,90.457,0.03679096145,3.679096145,6.795,99.28,0.06844278807,6.844278807,3.871,89.868,0.04307428673,4.307428673,
279,male,1.85,1X4284,Left,53.076,121.002,0.4386373779,43.86373779,8.115,106.792,0.07598883812,7.598883812,58.195,128.231,0.4538294172,45.38294172,8.436,106.371,0.07930733001,7.930733001,
282,female,0.64,6690,Left,2.999,98.449,0.03046247296,3.046247296,4.034,94.929,0.04249491725,4.249491725,4.373,99.08,0.04413605168,4.413605168,4.058,88.983,0.04560421654,4.560421654,
284,female,1.51,1X4161,Left,4.754,92.764,0.05124832909,5.124832909,4.599,87.95,0.05229107447,5.229107447,6.069,89.637,0.06770641588,6.770641588,5.871,85.066,0.06901699857,6.901699857,
286,female,3.83,1X3445,Left,27.013,116.975,0.2309296858,23.09296858,17.812,112.167,0.1587989337,15.87989337,29.568,14.068,2.101791299,210.1791299,19.314,109.437,0.176485101,17.6485101,
288,female,1.95,9193,Left,2.457,123.724,0.01985871779,1.985871779,1.771,115.031,0.01539584981,1.539584981,3.286,115.706,0.02839956441,2.839956441,2.564,108.818,0.0235622783,2.35622783,
289,female,4.62,1X4236,Left,4.899,107.161,0.04571625871,4.571625871,2.667,104.137,0.02561049387,2.561049387,5.506,104.664,0.05260643583,5.260643583,3.262,100.5,0.03245771144,3.245771144,
290,female,2.25,1X4278,Left,13.816,88.085,0.1568484986,15.68484986,10.968,86.248,0.1271681662,12.71681662,17.504,85.323,0.2051498424,20.51498424,14.029,84.145,0.1667241072,16.67241072,
296,female,1.63,1X3582,Left,27.691,111.9,0.2474620197,24.74620197,24.217,105.886,0.2287082334,22.87082334,32.061,109.687,0.2922953495,29.22953495,23.676,102.96,0.22995338,22.995338,
297,female,4.92,7621,Left,15.254,97.979,0.1556864226,15.56864226,8.245,87.955,0.09374111762,9.374111762,18.931,94.681,0.1999450787,19.99450787,9.517,86.827,0.1096087623,10.96087623,
298,female,4.42,1X4031,Left,22.572,119.775,0.18845335,18.845335,12.382,111.171,0.1113779673,11.13779673,24.386,117.543,0.2074645024,20.74645024,12.637,107.433,0.1176268,11.76268,
304,female,4.23,1X2572,Left,8.602,117.867,0.07298056284,7.298056284,7.274,95.429,0.07622420857,7.622420857,9.994,106.811,0.09356714196,9.356714196,8.23,95.217,0.08643414516,8.643414516,
306,female,4.32,1X2589,Left,19.541,90.297,0.2164080756,21.64080756,9.727,96.11,0.1012069504,10.12069504,23.069,91.838,0.2511923169,25.11923169,13.776,94.651,0.1455452135,14.55452135,
310,female,4.67,1X3439,Left,34.707,113.696,0.3052613988,30.52613988,24.753,109.917,0.2251971942,22.51971942,39.119,112.342,0.3482134909,34.82134909,26.079,107.111,0.2434763936,24.34763936,
311,female,4.66,8597,Left,6.482,116.69,0.05554889022,5.554889022,3.072,109.536,0.02804557406,2.804557406,9.597,119.597,0.08024448774,8.024448774,2.341,108.569,0.02156232442,2.156232442,
312,female,1.71,7866,Left,6.996,102.087,0.06852978342,6.852978342,3.41,102.04,0.03341826735,3.341826735,9.047,103.77,0.0871831936,8.71831936,3.128,99.799,0.03134299943,3.134299943,
316,male,3.89,1x3420,Left,56.527,133.51,0.4233915063,42.33915063,32.155,130.296,0.2467842451,24.67842451,60.157,133.455,0.4507661759,45.07661759,36.355,128.247,0.2834764166,28.34764166,
317,female,1.65,1X3883,Left,29.138,126.959,0.2295071637,22.95071637,30.284,124.159,0.243913047,24.3913047,30.972,119.597,0.2589697066,25.89697066,33.62,118.09,0.2846981116,28.46981116,
322,female,2.96,1X3886,Left,33.428,127.292,0.262608805,26.2608805,23.007,122.767,0.1874037811,18.74037811,34.069,126.585,0.2691393135,26.91393135,22.673,119.272,0.1900949091,19.00949091,
327,male,4.53,7842,n/a,,,#DIV/0!,#DIV/0!,,,#DIV/0!,#DIV/0!,,,#DIV/0!,#DIV/0!,,,#DIV/0!,#DIV/0!,
331,female,2.28,1X3696,Right,17.111,118.606,0.144267575,14.4267575,14.472,110.612,0.130835714,13.0835714,19.387,116.926,0.1658057233,16.58057233,15.213,106.03,0.1434782609,14.34782609,
332,female,4.81,9716,Right,2.197,102.514,0.02143121915,2.143121915,1.232,96.665,0.01274504733,1.274504733,2.52,103.173,0.02442499491,2.442499491,1.358,97.884,0.01387356463,1.387356463,
333,male,4.62,1X3864,Left,9.624,156.07,0.06166463766,6.166463766,5.835,135.691,0.0430021151,4.30021151,11.288,132.676,0.08507944165,8.507944165,6.413,133.054,0.04819847581,4.819847581,
339,male,0.91,1X4022,Left,13.863,119.853,0.1156666917,11.56666917,12.432,116.711,0.1065195226,10.65195226,16.817,117.394,0.1432526364,14.32526364,11.804,113.675,0.1038398944,10.38398944,
343,female,2.21,1X4265,Left,10.87,105.761,0.1027789072,10.27789072,5.733,95.205,0.06021742556,6.021742556,12.202,100.981,0.1208346125,12.08346125,6.416,94.457,0.06792508761,6.792508761,
345,male,3.33,6968,Right,11.754,104.18,0.1128239585,11.28239585,18.209,127.211,0.1431401373,14.31401373,10.668,95.989,0.1111377345,11.11377345,20.405,129.478,0.1575943404,15.75943404,
357,female,4.96,1x3929,Right,0.539,94.365,0.005711863509,0.5711863509,0.575,89.515,0.006423504441,0.6423504441,0.297,92.338,0.003216443934,0.3216443934,0.731,87.106,0.008392074025,0.8392074025,
358,female,2.84,1X3947,Left,19.573,111.901,0.1749135396,17.49135396,16.182,107.967,0.1498791297,14.98791297,20.239,108.644,0.1862873237,18.62873237,16.623,103.823,0.1601090317,16.01090317,
361,female,3.58,1X2068,Left,6.588,87.724,0.07509917468,7.509917468,4.81,77.873,0.0617672364,6.17672364,8.065,87.222,0.09246520373,9.246520373,5.546,77.707,0.07137066159,7.137066159,
362,male,2.79,7455,n/a,,,#DIV/0!,#DIV/0!,,,#DIV/0!,#DIV/0!,,,#DIV/0!,#DIV/0!,,,#DIV/0!,#DIV/0!,
365,male,2.95,1X4277,Right,7.628,108.157,0.07052710412,7.052710412,6.1,96.235,0.06338650179,6.338650179,8.629,109.703,0.07865783069,7.865783069,6.276,98.306,0.06384147458,6.384147458,
370,female,4.7,1X3641,Left,9.769,86.664,0.1127226992,11.27226992,4.743,79.222,0.05986973315,5.986973315,11.64,90.484,0.1286415278,12.86415278,4.584,79.928,0.05735161645,5.735161645,
378,female,2.42,1X4056,Left,4.296,95.893,0.04479993326,4.479993326,3.948,94.388,0.04182735093,4.182735093,5.358,94.454,0.05672602537,5.672602537,3.39,92.753,0.03654868306,3.654868306,
382,female,4.56,9094,Right,2.684,115.489,0.0232403086,2.32403086,1.105,109.744,0.01006888759,1.006888759,1.981,112.859,0.01755287571,1.755287571,1.03,105.169,0.009793760519,0.9793760519,
383,female,4.78,7823,Left,6.889,101.554,0.06783583118,6.783583118,5.717,94.839,0.06028110798,6.028110798,6.701,101.573,0.06597225641,6.597225641,5.72,94.062,0.06081095448,6.081095448,
384,female,0.76,1X4112,Left,25.39,96.855,0.2621444427,26.21444427,24.162,92.538,0.2611035467,26.11035467,27.272,94.999,0.2870767061,28.70767061,27.522,91.218,0.3017167664,30.17167664,
386,female,0.78,1x4241,Left,27.239,97.396,0.2796726765,27.96726765,27.47,95.434,0.2878429071,28.78429071,29.054,97.083,0.2992696971,29.92696971,26.779,94.555,0.2832108297,28.32108297,
387,female,2.78,1X3731,Right,29.733,109.443,0.2716756668,27.16756668,27.25,108.819,0.2504158281,25.04158281,29.559,94.687,0.3121759059,31.21759059,26.31,96.459,0.272758374,27.2758374,
393,female,2.88,1X3942,Left,12.873,102.61,0.1254556086,12.54556086,10.512,99.179,0.1059901794,10.59901794,13.643,99.471,0.1371555529,13.71555529,9.798,95.819,0.1022552938,10.22552938,
394,female,4.47,8919,Right,3.885,102.188,0.0380181626,3.80181626,1.071,97.164,0.01102260096,1.102260096,3.667,100.748,0.03639774487,3.639774487,0.822,95.325,0.008623131393,0.8623131393,
398,female,3.44,7561,Left,6.241,88.099,0.07084075869,7.084075869,5.7,88.354,0.06451320823,6.451320823,14.366,92.917,0.1546111045,15.46111045,5.18,85.549,0.0605500941,6.05500941,
401,female,0.71,8596,Left,20.455,102.886,0.1988122777,19.88122777,16.271,105.892,0.1536565557,15.36565557,22.144,101.581,0.2179935224,21.79935224,23.506,104.126,0.2257457311,22.57457311,
402,female,2.88,1x4746,Left,17.295,131.426,0.131594966,13.1594966,12.631,112.358,0.1124174514,11.24174514,18.571,120.424,0.1542134458,15.42134458,7.73,109.655,0.07049382153,7.049382153,
403,female,4.3,1X3861,Left,17.447,94.377,0.1848649565,18.48649565,17.23,95.088,0.1812005721,18.12005721,17.778,93.432,0.190277421,19.0277421,13.822,93.072,0.1485086815,14.85086815,
404,male,4.75,1X4859,Right,38.717,124.648,0.3106106797,31.06106797,20.58,132.24,0.1556261343,15.56261343,39.779,121.507,0.3273803155,32.73803155,21.103,127.978,0.1648955289,16.48955289,
405,male,0.34,6301,Right,12.174,124.872,0.09749183164,9.749183164,13.346,124.905,0.1068492054,10.68492054,13.352,121.33,0.1100469793,11.00469793,13.961,118.195,0.1181183637,11.81183637,
406,male,2.94,1X4808,n/a,,,#DIV/0!,#DIV/0!,,,#DIV/0!,#DIV/0!,,,#DIV/0!,#DIV/0!,,,#DIV/0!,#DIV/0!,
412,female,4.23,1X1927,Left,14.028,112.003,0.1252466452,12.52466452,8.408,105.365,0.07979879467,7.979879467,18.279,108.634,0.1682622383,16.82622383,6.967,102.94,0.06768020206,6.768020206,
419,female,4.05,1X4276,Left,1.556,93.233,0.01668936964,1.668936964,0.501,93.864,0.005337509588,0.5337509588,1.0607,91.219,0.01162805994,1.162805994,1.642,87.758,0.01871054491,1.871054491,
420,female,3,1X2124,Right,18.581,80.111,0.2319406823,23.19406823,14.063,84.105,0.1672076571,16.72076571,22.26,78.799,0.2824908946,28.24908946,11.178,81.531,0.1371012253,13.71012253,
421,male,0.5,1X4013,Left,35.751,151.445,0.2360658985,23.60658985,25.161,134.004,0.1877630518,18.77630518,35.853,146.137,0.2453382785,24.53382785,22.742,134.551,0.169021412,16.9021412,
422,male,4.72,7944,Left,11.618,102.829,0.1129836914,11.29836914,4.115,99.885,0.04119737698,4.119737698,11.916,100.474,0.1185978462,11.85978462,4.305,94.282,0.04566088967,4.566088967,
424,female,3.07,1X4687,Left,3.311,118.916,0.02784318342,2.784318342,16.175,91.489,0.1767972106,17.67972106,3.396,112.542,0.03017540118,3.017540118,16.565,86.834,0.1907662897,19.07662897,
427,female,4.38,1X2684,Left,3.314,94.404,0.03510444473,3.510444473,3.644,94.368,0.03861478467,3.861478467,3.758,92.769,0.04050922183,4.050922183,2.613,90.686,0.02881370884,2.881370884,
428,female,4.33,1X2117,Left,35.027,88.448,0.3960179993,39.60179993,16.938,84.712,0.1999480593,19.99480593,35.311,83.767,0.4215383146,42.15383146,14.643,81.319,0.1800686187,18.00686187,
432,male,3.59,9892,Right,15.842,130.882,0.1210403264,12.10403264,8.055,115.599,0.06968053357,6.968053357,15.495,122.3,0.1266966476,12.66966476,6.903,106.799,0.06463543666,6.463543666,
433,female,1.61,1X3810,Left,7.512,112.732,0.06663591527,6.663591527,5.907,107.401,0.0549994879,5.49994879,7.651,105.705,0.07238068209,7.238068209,3.612,100.913,0.03579320801,3.579320801,
434,female,3.89,1X3104,Left,18.837,110.916,0.1698312236,16.98312236,8.661,101.273,0.08552131368,8.552131368,17.716,108.239,0.1636748307,16.36748307,8.302,99.227,0.08366674393,8.366674393,
435,female,3.41,6521,Left,17.328,105.02,0.1649971434,16.49971434,13.336,98.439,0.135474761,13.5474761,17.446,99.762,0.1748762054,17.48762054,13.007,95.952,0.135557362,13.5557362,
437,female,1.71,1X1441,Right,19.27,110.494,0.1743986099,17.43986099,17.139,107.212,0.1598608365,15.98608365,18.517,105.945,0.1747793667,17.47793667,15.212,100.713,0.151043063,15.1043063,
438,female,0.84,1X3914,Right,29.829,113.939,0.2617979796,26.17979796,25.404,106.664,0.2381684542,23.81684542,35.426,104.772,0.3381246898,33.81246898,24.775,98.674,0.2510793117,25.10793117,
439,female,2.81,1X4239,Left,6.195,94.29,0.06570155902,6.570155902,5.749,90.509,0.06351854512,6.351854512,6.832,89.438,0.07638811244,7.638811244,6.002,84.216,0.07126911751,7.126911751,
440,male,1.26,8001,n/a,,,#DIV/0!,#DIV/0!,,,#DIV/0!,#DIV/0!,,,#DIV/0!,#DIV/0!,,,#DIV/0!,#DIV/0!,
443,female,1.64,8820,Right,6.344,106.458,0.05959157602,5.959157602,6.533,97.676,0.0668843933,6.68843933,5.895,95.148,0.06195611048,6.195611048,5.521,89.892,0.06141814622,6.141814622,
445,male,2.86,7307,Left,13.809,126.575,0.1090973731,10.90973731,9.815,114.926,0.08540278092,8.540278092,13.746,114.296,0.120266676,12.0266676,9.353,109.485,0.08542722747,8.542722747,
448,female,2.68,1X3208,Left,14.692,116.147,0.1264948729,12.64948729,10.49,109.702,0.09562268692,9.562268692,14.899,110.792,0.1344772186,13.44772186,11.573,104.393,0.1108599236,11.08599236,
450,male,4.38,8318,n/a,,,#DIV/0!,#DIV/0!,,,#DIV/0!,#DIV/0!,,,#DIV/0!,#DIV/0!,,,#DIV/0!,#DIV/0!,
452,female,3.74,10418,Left,5.619,90.38,0.06217083426,6.217083426,3.849,86.994,0.04424443065,4.424443065,5.835,85.89,0.06793573175,6.793573175,5.489,81.635,0.0672383169,6.72383169,
453,male,4.22,6821,Left,38.496,123.093,0.3127391484,31.27391484,23.368,116.837,0.2000051354,20.00051354,38.953,113.228,0.3440226799,34.40226799,16.694,108.52,0.1538333948,15.38333948,
454,male,4.06,10240,Right,9.111,119.632,0.0761585529,7.61585529,1.527,101.563,0.0150350029,1.50350029,9.027,106.482,0.08477489153,8.477489153,1.431,92.069,0.01554269081,1.554269081,
455,female,1.05,10009,Left,1.786,84.627,0.02110437567,2.110437567,1.623,85.918,0.01889010452,1.889010452,1.863,81.763,0.02278536746,2.278536746,1.537,81.867,0.01877435352,1.877435352,
456,female,3.83,9581,Left,8.249,110.415,0.07470905221,7.470905221,2.462,109.209,0.02254392953,2.254392953,11.391,108.322,0.1051586935,10.51586935,2.209,100.971,0.02187756881,2.187756881,
457,female,3.84,1X4867,Left,7.554,96.287,0.07845295834,7.845295834,3.745,92.497,0.0404877996,4.04877996,8.864,93.645,0.09465534732,9.465534732,3.104,90.729,0.03421177352,3.421177352,
459,male,0.82,1X4637,Left,42.172,117.895,0.3577081301,35.77081301,35.771,117.635,0.3040846687,30.40846687,45.434,111.628,0.4070125775,40.70125775,31.002,109.856,0.2822057967,28.22057967,
460,female,2.93,1X3666,Left,25.031,100.613,0.2487849483,24.87849483,12.566,91.019,0.1380590866,13.80590866,24.808,96.363,0.2574432095,25.74432095,11.693,86.87,0.1346034304,13.46034304,
465,male,2.88,1X4760,n/a,,,#DIV/0!,#DIV/0!,,,#DIV/0!,#DIV/0!,,,#DIV/0!,#DIV/0!,,,#DIV/0!,#DIV/0!,
466,male,0.66,7380,Left,27.482,129.901,0.2115611119,21.15611119,30.11,135.73,0.2218374715,22.18374715,20.598,123.102,0.1673246576,16.73246576,22.094,127.597,0.1731545413,17.31545413,
467,female,0.74,1X1577,Right,21.688,123.133,0.1761347486,17.61347486,15.672,120.044,0.1305521309,13.05521309,21.896,118.77,0.1843563189,18.43563189,13.502,113.238,0.1192355923,11.92355923,
469,male,3.84,8292,Right,20.455,127.351,0.1606190764,16.06190764,13.898,117.704,0.1180758513,11.80758513,21.444,116.703,0.1837484898,18.37484898,13.941,114.937,0.1212925342,12.12925342,
471,male,2.96,8644,Left,17.488,109.485,0.1597296433,15.97296433,6.326,105.516,0.05995299291,5.995299291,16.554,104.159,0.1589300973,15.89300973,5.878,99.289,0.05920091853,5.920091853,
476,male,2.78,1X3757,Left,14.085,114.643,0.12285966,12.285966,8.463,110.597,0.07652106296,7.652106296,16.46,112.314,0.1465534128,14.65534128,8.316,108.793,0.07643874146,7.643874146,
477,female,0.78,1X4314,Left,11.924,115.218,0.103490774,10.3490774,12.355,112.958,0.1093769366,10.93769366,12.705,111.867,0.1135723672,11.35723672,11.368,108.39,0.104880524,10.4880524,
479,male,3.35,8221,n/a,,,#DIV/0!,#DIV/0!,,,#DIV/0!,#DIV/0!,,,#DIV/0!,#DIV/0!,,,#DIV/0!,#DIV/0!,
480,female,4.24,1X2574,Left,22.567,100.476,0.2246008997,22.46008997,27.202,96.938,0.2806123502,28.06123502,20.981,97.414,0.2153797195,21.53797195,24.787,92.702,0.2673836595,26.73836595,
482,female,2.82,1X4195,Right,14.284,122.074,0.1170109933,11.70109933,9.585,113.088,0.0847570034,8.47570034,14.758,119.209,0.1237993776,12.37993776,8.931,110.209,0.08103693891,8.103693891,
489,female,3.84,6732,Left,1.507,87.379,0.01724670687,1.724670687,1.345,84.877,0.01584646017,1.584646017,1.254,86.384,0.01451657714,1.451657714,1.053,80,0.0131625,1.31625,
490,male,4.31,9976,Right,10.652,116.907,0.09111515991,9.111515991,7.12,114.623,0.06211667815,6.211667815,9.897,109.433,0.09043889869,9.043889869,8.259,104.537,0.07900551958,7.900551958,
510,male,3.84,7472,Left,62.429,108.889,0.573326966,57.3326966,47.694,104.96,0.4544016768,45.44016768,62.057,103.369,0.6003443973,60.03443973,48.452,103.448,0.4683705823,46.83705823,
514,female,3.7,1X4039,Left,20.231,101.341,0.1996329225,19.96329225,15.902,89.367,0.1779404031,17.79404031,20.034,96.478,0.2076535583,20.76535583,14.811,87.163,0.1699230178,16.99230178,
515,female,4.53,1X4082,Left,3.99,113.281,0.0352221467,3.52221467,2.645,103.663,0.02551537193,2.551537193,3.864,105.232,0.03671886879,3.671886879,2.321,101.839,0.02279087579,2.279087579,
516,female,4.62,1X4069,Left,13.18,90.183,0.1461472783,14.61472783,9.242,85.31,0.1083343102,10.83343102,12.733,86.765,0.1467527229,14.67527229,6.948,82.965,0.08374615802,8.374615802,
517,female,4.47,8291,n/a,,,#DIV/0!,#DIV/0!,,,#DIV/0!,#DIV/0!,,,#DIV/0!,#DIV/0!,,,#DIV/0!,#DIV/0!,
518,male,3.58,1X4096,Left,25.45,140.385,0.1812871746,18.12871746,21.804,130.451,0.1671432185,16.71432185,25.165,130.6,0.1926875957,19.26875957,20.076,122.831,0.1634440817,16.34440817,
525,female,0.71,6776,Left,13.143,89.528,0.1468032347,14.68032347,13.255,86.096,0.1539560491,15.39560491,12.934,86.893,0.1488497347,14.88497347,12.108,91.33,0.1325741815,13.25741815,
526,female,0.47,1X4714,Left,4.917,108.745,0.04521587199,4.521587199,4.777,105.109,0.04544805868,4.544805868,3.876,104.615,0.03705013621,3.705013621,3.854,100.87,0.03820759393,3.820759393,
529,female,0.62,1X2100,Left,7,110.021,0.06362421719,6.362421719,7.984,107.996,0.07392866402,7.392866402,7.272,108.976,0.06673028924,6.673028924,5.568,106.711,0.05217831339,5.217831339,
530,female,3.83,8034,Left,37.357,96.3,0.3879231568,38.79231568,16.176,91.795,0.1762187483,17.62187483,37.567,94.329,0.3982550435,39.82550435,14.561,88.448,0.1646278039,16.46278039,
537,female,4.58,1X4792,Right,7.565,106.824,0.07081741931,7.081741931,5.368,102.452,0.05239526803,5.239526803,7.123,102.248,0.06966395431,6.966395431,4.313,100.627,0.0428612599,4.28612599,
554,female,4.03,6355,Left,10.964,93.038,0.1178443217,11.78443217,7.156,86.174,0.08304128856,8.304128856,10.243,88.908,0.1152089801,11.52089801,4.993,81.549,0.06122699236,6.122699236,
564,female,4.63,9305,Left,4.674,95.83,0.0487738704,4.87738704,3.392,83.166,0.04078589808,4.078589808,3.999,93.251,0.04288425861,4.288425861,2.051,80.59,0.02544980767,2.544980767,
577,female,0.05,1X4178,Right,2.429,89.537,0.02712844969,2.712844969,2.722,87.102,0.03125071755,3.125071755,1.847,86.691,0.02130555652,2.130555652,1.922,84.303,0.02279871416,2.279871416,
580,male,1.05,9356,Right,4.828,116.928,0.04129036672,4.129036672,4.819,106.316,0.04532713797,4.532713797,4.042,97.955,0.04126384564,4.126384564,3.489,92.331,0.03778795854,3.778795854,
603,female,4.24,9092,Left,2.242,87.388,0.02565569643,2.565569643,1.35,82.666,0.01633077686,1.633077686,1.703,84.957,0.02004543475,2.004543475,1.375,78.107,0.01760405597,1.760405597,
617,female,3.98,9494,Left,4.119,114.894,0.03585043605,3.585043605,2.092,104.252,0.02006676131,2.006676131,10.459,112.579,0.09290364988,9.290364988,1.698,103.548,0.01639819214,1.639819214,
619,female,4.89,1X3428,Left,20.456,108.893,0.187854132,18.7854132,13.499,98.891,0.1365038274,13.65038274,18.403,103.288,0.178171714,17.8171714,9.557,94.111,0.101550297,10.1550297,
621,male,4.56,9097,Left,15.16,132.877,0.1140904746,11.40904746,10.158,122.14,0.0831668577,8.31668577,14.046,127.815,0.109893205,10.9893205,7.962,117.504,0.06775939542,6.775939542,
,,,,NOTE: exclude individuals with yellow NA cells. Do not measure them.,,,,,,,,,,,,,,,,,